doc_id,company,doctype,title,publish_date,url,final_url,source_domain,section,topic,persona_tags,language,word_count,token_count,ingestion_ts,hash_sha256
crm::10-K::2025-03-05::fy25-form-10-k::4c26cea2,Salesforce,10-K,crm-20250131,2025-03-05,https://www.sec.gov/Archives/edgar/data/1108524/000110852425000006/crm-20250131.htm,https://www.sec.gov/Archives/edgar/data/1108524/000110852425000006/crm-20250131.htm,sec.gov,body,Agentforce|Data Cloud|Earnings|Partnership|Executive|Security|Compliance|GenAI|Industry Solutions|Platform|AI,"cio,vp_customer_experience,vp_sales_ops",en,64311,87337,2025-09-08T00:13:15.999807+00:00,40f6855ee66156620a3b58747027f8c114db28508bc77826868328f3f374ce84
crm::10-Q::2025-04-30::fy26-q1-form-10-q::e16f2866,Salesforce,10-Q,crm-20250430,2025-04-30,https://www.sec.gov/Archives/edgar/data/1108524/000110852425000030/crm-20250430.htm,https://www.sec.gov/Archives/edgar/data/1108524/000110852425000030/crm-20250430.htm,www.sec.gov,body,Agentforce|Data Cloud|Earnings|Partnership|Executive|Security|Compliance|GenAI|Industry Solutions|Platform|AI,"cio,vp_customer_experience,vp_sales_ops",en,44574,59871,2025-09-08T00:13:16.379677+00:00,383e15cf72d49f309f1424dd08796079657c405eb961f33946d0a68d6cdf7bcf
crm::8-K::2025-05-28::q1-fy26-results-8-k::35792ff4,Salesforce,8-K,crm-20250528,2025-05-28,https://www.sec.gov/Archives/edgar/data/1108524/000110852425000027/crm-20250528.htm,https://www.sec.gov/Archives/edgar/data/1108524/000110852425000027/crm-20250528.htm,sec.gov,body,Earnings|Executive|Industry Solutions,,en,588,873,2025-09-08T00:13:16.128579+00:00,2f9a9a4e0e3684283bf1eca2da6970855d517bb6c65faf6bc5bfea60e5b8f80d
crm::8-K::2025-06-05::proxy-meeting-results-2025-06-05::47c09586,Salesforce,8-K,crm-20250605,2025-06-05,https://www.sec.gov/Archives/edgar/data/1108524/000110852425000033/crm-20250605.htm,https://www.sec.gov/Archives/edgar/data/1108524/000110852425000033/crm-20250605.htm,sec.gov,body,Earnings|Executive|Security|Industry Solutions,cio,en,957,1489,2025-09-08T00:13:16.259410+00:00,e82b3a8e8cb857ad3d7b52108673b36dcc169a682c5db703aec79d0c0ed2a0d4
crm::ars_pdf::unknown::fy25-annual-report-pdf::1b31e86f,Salesforce,ars_pdf,Fy25 Annual Report Pdf,2025-09-07,https://www.sec.gov/Archives/edgar/data/1108524/000110852425000019/salesforce_fy25annualreport.pdf,https://www.sec.gov/Archives/edgar/data/1108524/000110852425000019/salesforce_fy25annualreport.pdf,sec.gov,body,Agentforce|Data Cloud|Earnings|Partnership|Executive|Platform|AI,"cio,vp_sales_ops",en,370740,710719,2025-09-08T00:13:40.432413+00:00,24cdc160c21ecc11cc4ee454bc68db64e800d9e94389405bb7ce88d9f6f2e1dd
crm::dev_docs::unknown::agent-api-developer-guide::6f4b900c,Salesforce,dev_docs,Chat with Agents Using Agent API | Agentforce Agents | Agentforce Developer Guide | Salesforce Developers,2025-09-07,https://developer.salesforce.com/docs/einstein/genai/guide/agent-api.html,https://developer.salesforce.com/docs/einstein/genai/guide/agent-api.html,developer.salesforce.com,body,Agentforce|Agent API|GenAI|Platform|AI,cio,en,162,197,2025-09-08T00:13:16.316013+00:00,85ec5fc6b300aad63fc0ae844641d0ec3ba00f387b0fd5c83e827f12f0a29040
crm::dev_docs::unknown::agent-api-examples::62fd6b36,Salesforce,dev_docs,Examples | Agentforce Agents | Agentforce Developer Guide | Salesforce Developers,2025-09-07,https://developer.salesforce.com/docs/einstein/genai/guide/agent-api-examples.html,https://developer.salesforce.com/docs/einstein/genai/guide/agent-api-examples.html,developer.salesforce.com,body,Agentforce|Agent API|Data Cloud|GenAI|Platform|AI,,en,925,1135,2025-09-08T00:13:16.379741+00:00,887f759f8f244f7871c6ab090aa6bbbf0eba125450097ab5757ca9897c05a4b1
crm::dev_docs::unknown::get-started-with-agentforce-agents::5ac08bad,Salesforce,dev_docs,Agentforce Agents | Agentforce Developer Guide | Salesforce Developers,2025-09-07,https://developer.salesforce.com/docs/einstein/genai/guide/get-started-agents.html,https://developer.salesforce.com/docs/einstein/genai/guide/get-started-agents.html,developer.salesforce.com,body,Agentforce|Agent API|Earnings|Partnership|GenAI|Platform|AI,"cio,vp_sales_ops",en,711,844,2025-09-08T00:13:16.413651+00:00,dfa6da8070bd10eeece54eecc0f09a63ec2ca0803a81307d308d900f8878591b
crm::dev_docs::unknown::get-started-with-the-agent-api::202f14da,Salesforce,dev_docs,Get Started | Agentforce Agents | Agentforce Developer Guide | Salesforce Developers,2025-09-07,https://developer.salesforce.com/docs/einstein/genai/guide/agent-api-get-started.html,https://developer.salesforce.com/docs/einstein/genai/guide/agent-api-get-started.html,developer.salesforce.com,body,Agentforce|Agent API|Data Cloud|Earnings|GenAI|Platform|AI,cio,en,1143,1396,2025-09-08T00:13:16.454556+00:00,fe4e9c8bc1f0ade4c168742b6b013f5226339efac448c27465c354902a25647d
crm::help_docs::unknown::salesforce-help::d75a8e9c,Salesforce,help_docs,Salesforce Help,2025-09-07,,,help.salesforce.com,body,,,en,12,17,2025-09-08T00:13:16.476542+00:00,9a7f95644df1ac5e2a98dbd54ae928af3036fa1c5bd65355bd9140d5aee090c6
crm::press::2023-08-04::salesforce-launches-byom-to-make-it-easy-for-businesses-to-use-proprietary-data-::61063b9d,Salesforce,press,Salesforce Launches BYOM to Make It Easy for Businesses to Use Proprietary Data to Build and Deploy AI Models,2023-08-04,https://www.salesforce.com/news/stories/einstein-studio-ai-news/?bc=DB,https://www.salesforce.com/news/stories/einstein-studio-ai-news/?bc=DB,www.salesforce.com,body,Agentforce|Data Cloud|Earnings|Partnership|Compliance|GenAI|Industry Solutions|Platform|AI,"cio,vp_customer_experience,vp_sales_ops",en,1724,2139,2025-09-08T00:13:16.572649+00:00,a4e9c84719ad10ba97e4b9e85663aef845223aff60a86a986d6b2b919aee3715
crm::press::2023-08-09::new-slack-user-experience-designed-for-focus-and-productivity::100cc924,Salesforce,press,New Slack User Experience Designed for Focus and Productivity,2023-08-09,https://www.salesforce.com/news/stories/slack-redesign-availability/?bc=DB,https://www.salesforce.com/news/stories/slack-redesign-availability/?bc=DB,www.salesforce.com,body,Partnership|Executive|Platform,"cio,vp_sales_ops",en,980,1141,2025-09-08T00:13:16.643496+00:00,63808eb35f6dfaffbbeeb8c50c16e1a1bb04231700bcb1574e1c57769573ec08
crm::press::2023-08-16::chief-scientist-for-salesforce-ai-offers-a-glimpse-into-the-future-of-generative::5e9a5da9,Salesforce,press,Chief Scientist for Salesforce AI Offers a Glimpse into the Future of Generative AI,2023-08-16,https://www.salesforce.com/news/stories/generative-ai-research-team-salesforce/?bc=DB,https://www.salesforce.com/news/stories/generative-ai-research-team-salesforce/?bc=DB,www.salesforce.com,body,Agentforce|Earnings|Partnership|Executive|Security|Compliance|GenAI|Platform|AI,"cio,vp_sales_ops",en,1165,1456,2025-09-08T00:13:16.761133+00:00,c012b640850779fe7708d1d2a424e2739245eb23406003d1dc41b5aa99ef8110
crm::press::2023-08-18::1-in-6-shoppers-have-used-generative-ai-for-purchase-inspiration-salesforce-repo::d8efeaa7,Salesforce,press,1 in 6 Shoppers Have Used Generative AI for Purchase Inspiration - Salesforce Report,2023-08-18,https://www.salesforce.com/news/stories/trends-in-retail-2023/?bc=DB,https://www.salesforce.com/news/stories/trends-in-retail-2023/?bc=DB,www.salesforce.com,body,Agentforce|Earnings|Partnership|Compliance|GenAI|Industry Solutions|Platform|AI,cio,en,1365,1739,2025-09-08T00:13:16.844154+00:00,5bdca99885bec0ec745e98f181db56da52691ef5d12577e342bab57e4ebf6206
crm::press::2023-08-24::new-salesforce-field-service-innovations-bring-the-power-of-ai-to-the-mobile-wor::c7fe8ab5,Salesforce,press,New Salesforce Field Service Innovations Bring the Power of AI to the Mobile Workforce,2023-08-24,https://www.salesforce.com/news/stories/ai-for-field-service/?bc=DB,https://www.salesforce.com/news/stories/ai-for-field-service/?bc=DB,www.salesforce.com,body,Agentforce|Data Cloud|Earnings|Partnership|Compliance|GenAI|AI,"cio,vp_customer_experience,vp_sales_ops",en,1192,1468,2025-09-08T00:13:16.932034+00:00,f2ee30a52c6bc2d1ca17585365b79716869801271d2692b1959f62e0cd7f6e50
crm::press::2023-08-28::businesses-adopting-ai-risk-a-039-trust-gap-039-with-customers-salesforce-report::76fed41b,Salesforce,press,Businesses Adopting AI Risk a &#039;Trust Gap&#039; with Customers - Salesforce Report,2023-08-28,https://www.salesforce.com/news/stories/customer-engagement-research-2023/?bc=DB,https://www.salesforce.com/news/stories/customer-engagement-research-2023/?bc=DB,www.salesforce.com,body,Agentforce|Earnings|Partnership|Security|Compliance|GenAI|Platform|AI,cio,en,1268,1592,2025-09-08T00:13:17.122290+00:00,289b665697021a0eee5b6a6952a6e3bc9ad05ce4ad6b94c15e4e27257ed18ef9
crm::press::2023-08-31::penfed-deploys-self-service-tools-boosts-productivity-with-salesforce-einstein::4610a975,Salesforce,press,"PenFed Deploys Self-Service Tools, Boosts Productivity with Salesforce Einstein",2023-08-31,https://www.salesforce.com/news/stories/penfed-generative-ai-customer/?bc=DB,https://www.salesforce.com/news/stories/penfed-generative-ai-customer/?bc=DB,www.salesforce.com,body,Agentforce|Data Cloud|Partnership|GenAI|Industry Solutions|Platform|AI,"cio,vp_customer_experience,vp_sales_ops",en,836,1068,2025-09-08T00:13:17.188680+00:00,9f78a302667a4ab0fffcd1c0b9a9daa548005667a56e192a90ab09c6dd3260f8
crm::press::2023-09-06::introducing-slack-ai-slack-lists-and-new-automation-capabilities-that-boost-prod::81c5dd37,Salesforce,press,"Introducing Slack AI, Slack Lists, and New Automation Capabilities that Boost Productivity and Transform How Teams Work",2023-09-06,https://www.salesforce.com/news/stories/slack-news-dreamforce-2023/?bc=DB,https://www.salesforce.com/news/stories/slack-news-dreamforce-2023/?bc=DB,www.salesforce.com,body,Agentforce|Earnings|Partnership|Executive|Security|Compliance|GenAI|Industry Solutions|Platform|AI,"cio,vp_sales_ops",en,1547,1864,2025-09-08T00:13:17.291791+00:00,daa3e7ab53d4e54700ebafd6608f02a46013bf5d057706cd3c934605753d432c
crm::press::2023-09-07::new-ai-usage-data-shows-who-s-using-ai-and-uncovers-a-population-of-super-users::2f093480,Salesforce,press,New AI Usage Data Shows Who’s Using AI — and Uncovers a Population of ‘Super-Users’,2023-09-07,https://www.salesforce.com/news/press-releases/2023/09/07/ai-usage-research/?bc=DB,https://www.salesforce.com/news/press-releases/2023/09/07/ai-usage-research/?bc=DB,www.salesforce.com,body,Agentforce|Data Cloud|Earnings|Partnership|GenAI|Industry Solutions|Platform|AI,"cio,vp_sales_ops",en,974,1275,2025-09-08T00:13:17.379718+00:00,c1d2ca3bbc4d0be92878f51a360c8feb72bec014a5c3db9f9f0c4c8badf6d7b4
crm::press::2023-09-11::new-study-finds-salesforce-economy-powered-by-ai-will-create-a-net-gain-of-11-6m::7f3f5e4c,Salesforce,press,"New Study Finds Salesforce Economy, Powered by AI, Will Create a Net Gain of 11.6M Jobs and $2.02T in Business Revenues Between 2022 and 2028",2023-09-11,https://www.salesforce.com/news/stories/idc-salesforce-economy-ai/?bc=DB,https://www.salesforce.com/news/stories/idc-salesforce-economy-ai/?bc=DB,www.salesforce.com,body,Agentforce|Data Cloud|Earnings|Partnership|Security|Compliance|GenAI|Platform|AI,"cio,vp_sales_ops",en,1349,1716,2025-09-08T00:13:17.514433+00:00,5823cb21c56cc304c24a5fe94fcb8c73584ca6772f7a9e7f9ce4aa8f19aa201b
crm::press::2024-01-31::news-details::9a8b3ba9,Salesforce,press,"Salesforce.com, Inc. - Salesforce Announces Strong Fourth Quarter Fiscal 2024 Results",2024-01-31,https://investor.salesforce.com/news/news-details/2024/Salesforce-Announces-Strong-Fourth-Quarter-Fiscal-2024-Results,https://investor.salesforce.com/news/news-details/2024/Salesforce-Announces-Strong-Fourth-Quarter-Fiscal-2024-Results,investor.salesforce.com,body,Earnings|Partnership|Executive|Security|Compliance|Platform|AI,cio,en,7357,10718,2025-09-08T00:13:18.730517+00:00,d41993064a4d9a4d3fae81ed00dc4612eb153cce6cc42ea8ea6e64f84a2b438e
crm::press::2024-04-25::news-details::65e3c0b7,Salesforce,press,"Salesforce.com, Inc. - Salesforce Unveils Zero Copy Partner Network, an Ecosystem Committed to Secure, Bidirectional Zero Copy Integration with Salesforce Data Cloud",2024-04-25,https://investor.salesforce.com/news/news-details/2024/Salesforce-Unveils-Zero-Copy-Partner-Network-an-Ecosystem-Committed-to-Secure-Bidirectional-Zero-Copy-Integration-with-Salesforce-Data-Cloud,https://investor.salesforce.com/news/news-details/2024/Salesforce-Unveils-Zero-Copy-Partner-Network-an-Ecosystem-Committed-to-Secure-Bidirectional-Zero-Copy-Integration-with-Salesforce-Data-Cloud,investor.salesforce.com,body,Data Cloud|Earnings|Partnership|Executive|Security|GenAI|Platform|AI,"cio,vp_sales_ops",en,2319,2764,2025-09-08T00:13:18.898128+00:00,06da207e0fa0c5ccb31a9a3d99c8d4caa43ca4b2011d5a01c8a0b58f509cce3f
crm::press::2024-04-30::news-details::05db958d,Salesforce,press,"Salesforce.com, Inc. - Salesforce Announces First Quarter Fiscal 2025 Results",2024-04-30,https://investor.salesforce.com/news/news-details/2024/Salesforce-Announces-First-Quarter-Fiscal-2025-Results,https://investor.salesforce.com/news/news-details/2024/Salesforce-Announces-First-Quarter-Fiscal-2025-Results,investor.salesforce.com,body,Earnings|Partnership|Executive|Security|Compliance|Platform|AI,cio,en,5790,8138,2025-09-08T00:13:19.616493+00:00,4690aadf6eb0b721847d06afba79beb1e1c8f474764d82afaca3e2f34be60fd7
crm::press::2024-05-22::news-details::2d2829a8,Salesforce,press,"Salesforce.com, Inc. - Salesforce Unveils New Einstein 1 Marketing and Commerce Innovations to Power the Complete Customer Journey with Unified Data and Trusted AI",2024-05-22,https://investor.salesforce.com/news/news-details/2024/Salesforce-Unveils-New-Einstein-1-Marketing-and-Commerce-Innovations-to-Power-the-Complete-Customer-Journey-with-Unified-Data-and-Trusted-AI,https://investor.salesforce.com/news/news-details/2024/Salesforce-Unveils-New-Einstein-1-Marketing-and-Commerce-Innovations-to-Power-the-Complete-Customer-Journey-with-Unified-Data-and-Trusted-AI,investor.salesforce.com,body,Data Cloud|Earnings|Partnership|Executive|Security|GenAI|Industry Solutions|Platform|AI,"cio,vp_sales_ops",en,1513,1806,2025-09-08T00:13:19.779754+00:00,296e93111aff2ecb7a1ccfa660e79cdff151641a11f6995c6e575dd0e7d936ae
crm::press::2024-07-31::news-details::9b19c384,Salesforce,press,"Salesforce.com, Inc. - Salesforce Announces Second Quarter Fiscal 2025 Results",2024-07-31,https://investor.salesforce.com/news/news-details/2024/Salesforce-Announces-Second-Quarter-Fiscal-2025-Results,https://investor.salesforce.com/news/news-details/2024/Salesforce-Announces-Second-Quarter-Fiscal-2025-Results,investor.salesforce.com,body,Agentforce|Earnings|Partnership|Executive|Security|Compliance|Platform|AI,"cio,vp_sales_ops",en,6634,9704,2025-09-08T00:13:20.831985+00:00,c9fbc78b56d4680ec268551b834689c42aaa4727bcdf31544caf3033d8c58444
crm::press::2024-09-05::news-details::e32cfe52,Salesforce,press,"Salesforce.com, Inc. - Salesforce Signs Definitive Agreement to Acquire Own Company",2024-09-05,https://investor.salesforce.com/news/news-details/2024/Salesforce-Signs-Definitive-Agreement-to-Acquire-Own-Company,https://investor.salesforce.com/news/news-details/2024/Salesforce-Signs-Definitive-Agreement-to-Acquire-Own-Company,investor.salesforce.com,body,Earnings|Partnership|Executive|Security|Compliance|Platform|AI,cio,en,1031,1218,2025-09-08T00:13:20.884750+00:00,2382bca1a5aa56e41a9f3e42fc8d248f5aa58ba05669c2633c19c370af10e4ca
crm::press::2024-09-17::news-details::630340dd,Salesforce,press,"Salesforce.com, Inc. - Salesforce Data Cloud Momentum Soars with Rising Adoption and New Innovation That Brings Trusted Data to Agentforce",2024-09-17,https://investor.salesforce.com/news/news-details/2024/Salesforce-Data-Cloud-Momentum-Soars-with-Rising-Adoption-and-New-Innovation-That-Brings-Trusted-Data-to-Agentforce,https://investor.salesforce.com/news/news-details/2024/Salesforce-Data-Cloud-Momentum-Soars-with-Rising-Adoption-and-New-Innovation-That-Brings-Trusted-Data-to-Agentforce,investor.salesforce.com,body,Agentforce|Data Cloud|Earnings|Partnership|Executive|Security|Platform|AI,"cio,vp_sales_ops",en,2398,2930,2025-09-08T00:13:20.934631+00:00,6df46ae34d8efbf897f50e6365fa661b5be3fa11a160ff96ae62445deb17c5ce
crm::press::2024-10-31::news-details::c5011c5a,Salesforce,press,"Salesforce.com, Inc. - Salesforce Announces Third Quarter Fiscal 2025 Results",2024-10-31,https://investor.salesforce.com/news/news-details/2024/Salesforce-Announces-Third-Quarter-Fiscal-2025-Results,https://investor.salesforce.com/news/news-details/2024/Salesforce-Announces-Third-Quarter-Fiscal-2025-Results,investor.salesforce.com,body,Agentforce|Earnings|Partnership|Executive|Security|Compliance|Platform|AI,cio,en,6649,9796,2025-09-08T00:13:22.797480+00:00,afb5cc70ddd311151fa97ac492da3daf93efafb4d975d80d17e06bd30cbfef98
crm::press::2024-11-20::news-details::a75c5c49,Salesforce,press,"Salesforce.com, Inc. - Salesforce Introduces Agentforce Testing Center: First-of-Its-Kind AI Agent Lifecycle Management Tooling for Testing Autonomous AI Agents at Scale",2024-11-20,https://investor.salesforce.com/news/news-details/2024/Salesforce-Introduces-Agentforce-Testing-Center-First-of-Its-Kind-AI-Agent-Lifecycle-Management-Tooling-for-Testing-Autonomous-AI-Agents-at-Scale,https://investor.salesforce.com/news/news-details/2024/Salesforce-Introduces-Agentforce-Testing-Center-First-of-Its-Kind-AI-Agent-Lifecycle-Management-Tooling-for-Testing-Autonomous-AI-Agents-at-Scale,investor.salesforce.com,body,Agentforce|Data Cloud|Earnings|Partnership|Executive|Security|GenAI|Platform|AI,"cio,vp_sales_ops",en,1394,1725,2025-09-08T00:13:22.862243+00:00,c4ba44126edd7dde8d8ef0e1b9336168a9dfff97cf22c0459337bfaccc2bcef8
crm::press::2024-11-25::how-new-digital-workers-will-lead-to-an-unlimited-age::88c1752e,Salesforce,press,How new digital workers will lead to an unlimited age,2024-11-25,https://time.com/7178872/agents-unlimited-age/,https://www.salesforce.com/news/salesforce-in-the-news/how-the-rise-of-new-digital-workers-will-lead-to-an-unlimited-age/,www.salesforce.com,body,Agentforce|Earnings|Partnership|GenAI|Industry Solutions|Platform|AI,"cio,vp_sales_ops",en,1579,1863,2025-09-08T00:13:23.028505+00:00,23d571709dd9ed314cd9724192efd3ed4f89508ae2aa3679d1dc31833c04dd7a
crm::press::2024-12-04::salesforce-data-reveals-new-cyber-week-all-time-high-314-9b-in-global-sales::3634781d,Salesforce,press,Salesforce Data Reveals New Cyber Week All-Time High: $314.9B in Global Sales,2024-12-04,https://www.salesforce.com/news/press-releases/2024/12/04/cyber-week-ai-sales/?bc=OTH,https://www.salesforce.com/news/press-releases/2024/12/04/cyber-week-ai-sales/?bc=OTH,www.salesforce.com,body,Agentforce|Data Cloud|Earnings|Partnership|GenAI|Industry Solutions|Platform|AI,cio,en,1484,1957,2025-09-08T00:13:23.279559+00:00,019ef0658049612ff81fb1d4de165a1f6b1380f23bb52798cbc02288ef4f9c69
crm::press::2024-12-04::salesforce-data-reveals-new-cyber-week-all-time-high-314-9b-in-global-sales::665ada5f,Salesforce,press,Salesforce Data Reveals New Cyber Week All-Time High: $314.9B in Global Sales,2024-12-04,https://www.salesforce.com/news/press-releases/2024/12/04/cyber-week-ai-sales/?bc=DB,https://www.salesforce.com/news/press-releases/2024/12/04/cyber-week-ai-sales/?bc=DB,www.salesforce.com,body,Agentforce|Data Cloud|Earnings|Partnership|GenAI|Industry Solutions|Platform|AI,cio,en,1484,1957,2025-09-08T00:13:23.584125+00:00,019ef0658049612ff81fb1d4de165a1f6b1380f23bb52798cbc02288ef4f9c69
crm::press::2024-12-17::introducing-agentforce-2-0-the-digital-labor-platform-for-building-a-limitless-w::601f3f45,Salesforce,press,Introducing Agentforce 2.0: The Digital Labor Platform for Building a Limitless Workforce,2024-12-17,https://www.salesforce.com/news/press-releases/2024/12/17/agentforce-2-0-announcement/?bc=DB,https://www.salesforce.com/news/press-releases/2024/12/17/agentforce-2-0-announcement/?bc=DB,www.salesforce.com,body,Agentforce|Data Cloud|Earnings|Partnership|Executive|Security|Platform|AI,"cio,vp_customer_experience,vp_sales_ops",en,3372,4287,2025-09-08T00:13:23.695699+00:00,30b644e955336100f1e7a263a6fa3c450885e30bd5e7fd51cedbb5fbc0ec42ae
crm::press::2024-12-17::introducing-agentforce-2-0-the-digital-labor-platform-for-building-a-limitless-w::64bc03ee,Salesforce,press,Introducing Agentforce 2.0: The Digital Labor Platform for Building a Limitless Workforce,2024-12-17,https://www.salesforce.com/news/press-releases/2024/12/17/agentforce-2-0-announcement/?bc=OTH,https://www.salesforce.com/news/press-releases/2024/12/17/agentforce-2-0-announcement/?bc=OTH,www.salesforce.com,body,Agentforce|Data Cloud|Earnings|Partnership|Executive|Security|Platform|AI,"cio,vp_customer_experience,vp_sales_ops",en,3372,4287,2025-09-08T00:13:23.801487+00:00,30b644e955336100f1e7a263a6fa3c450885e30bd5e7fd51cedbb5fbc0ec42ae
crm::press::2024-12-17::introducing-agentforce-2-0-the-digital-labor-platform-for-building-a-limitless-w::96d74ad9,Salesforce,press,Introducing Agentforce 2.0: The Digital Labor Platform for Building a Limitless Workforce,2024-12-17,https://www.salesforce.com/news/press-releases/2024/12/17/agentforce-2-0-announcement/,https://www.salesforce.com/news/press-releases/2024/12/17/agentforce-2-0-announcement/?bc=DB,www.salesforce.com,body,Agentforce|Data Cloud|Earnings|Partnership|Executive|Security|Platform|AI,"cio,vp_customer_experience,vp_sales_ops",en,3372,4287,2025-09-08T00:13:23.907913+00:00,30b644e955336100f1e7a263a6fa3c450885e30bd5e7fd51cedbb5fbc0ec42ae
crm::press::2025-01-06::holiday-shoppers-spend-a-record-1-2t-online-salesforce-data-shows::63c14f26,Salesforce,press,"Holiday Shoppers Spend a Record $1.2T Online, Salesforce Data Shows",2025-01-06,https://www.salesforce.com/news/press-releases/2025/01/06/2024-holiday-shopping-data/?bc=DB,https://www.salesforce.com/news/press-releases/2025/01/06/2024-holiday-shopping-data/?bc=DB,www.salesforce.com,body,Agentforce|Data Cloud|Earnings|Partnership|GenAI|Industry Solutions|Platform|AI,cio,en,1449,1903,2025-09-08T00:13:24.097038+00:00,c295b490e17a78401759bf8eaf71888dcf271c6b1604c902f38d4386bc61cadd
crm::press::2025-01-06::holiday-shoppers-spend-a-record-1-2t-online-salesforce-data-shows::d9f3e8b8,Salesforce,press,"Holiday Shoppers Spend a Record $1.2T Online, Salesforce Data Shows",2025-01-06,https://www.salesforce.com/news/press-releases/2025/01/06/2024-holiday-shopping-data/?bc=OTH,https://www.salesforce.com/news/press-releases/2025/01/06/2024-holiday-shopping-data/?bc=OTH,www.salesforce.com,body,Agentforce|Data Cloud|Earnings|Partnership|GenAI|Industry Solutions|Platform|AI,cio,en,1449,1903,2025-09-08T00:13:24.317275+00:00,c295b490e17a78401759bf8eaf71888dcf271c6b1604c902f38d4386bc61cadd
crm::press::2025-01-06::news-details::ec6a2e76,Salesforce,press,"Salesforce.com, Inc. - Holiday Shoppers Spend a Record $1.2T Online, Salesforce Data Shows",2025-01-06,https://investor.salesforce.com/news/news-details/2025/Holiday-Shoppers-Spend-a-Record-1.2T-Online-Salesforce-Data-Shows,https://investor.salesforce.com/news/news-details/2025/Holiday-Shoppers-Spend-a-Record-1.2T-Online-Salesforce-Data-Shows,investor.salesforce.com,body,Agentforce|Data Cloud|Earnings|Partnership|Executive|Security|GenAI|Industry Solutions|Platform|AI,cio,en,1219,1584,2025-09-08T00:13:24.408600+00:00,f06ba1ad8e026dd64148a999100887230b5868357f38a8dcfddeac76a5d83465
crm::press::2025-01-10::salesforce-unveils-agentforce-for-retail-to-boost-productivity-with-digital-labo::9a230d93,Salesforce,press,Salesforce Unveils Agentforce for Retail to Boost Productivity with Digital Labor and Retail Cloud to Unite In-Store and Digital Shopping,2025-01-10,https://www.salesforce.com/news/press-releases/2025/01/10/agentforce-retail-cloud-pos-announcement/?bc=DB,https://www.salesforce.com/news/press-releases/2025/01/10/agentforce-retail-cloud-pos-announcement/?bc=DB,www.salesforce.com,body,Agentforce|Data Cloud|Earnings|Partnership|GenAI|Industry Solutions|Platform|AI,"cio,vp_customer_experience,vp_sales_ops",en,1600,2053,2025-09-08T00:13:24.503284+00:00,17915b0cb0140063d9e525fec65dc1edbd52df2c024850a54a886b7f40ed1be2
crm::press::2025-01-10::salesforce-unveils-agentforce-for-retail-to-boost-productivity-with-digital-labo::afcc9d02,Salesforce,press,Salesforce Unveils Agentforce for Retail to Boost Productivity with Digital Labor and Retail Cloud to Unite In-Store and Digital Shopping,2025-01-10,https://www.salesforce.com/news/press-releases/2025/01/10/agentforce-retail-cloud-pos-announcement/?bc=OTH,https://www.salesforce.com/news/press-releases/2025/01/10/agentforce-retail-cloud-pos-announcement/?bc=OTH,www.salesforce.com,body,Agentforce|Data Cloud|Earnings|Partnership|GenAI|Industry Solutions|Platform|AI,"cio,vp_customer_experience,vp_sales_ops",en,1600,2053,2025-09-08T00:13:24.882312+00:00,17915b0cb0140063d9e525fec65dc1edbd52df2c024850a54a886b7f40ed1be2
crm::press::2025-01-31::news-details::9711c8f6,Salesforce,press,"Salesforce.com, Inc. - Salesforce Announces Fourth Quarter Fiscal 2025 Results",2025-01-31,https://investor.salesforce.com/news/news-details/2025/Salesforce-Announces-Fourth-Quarter-and-Fiscal-Year-2025-Results,https://investor.salesforce.com/news/news-details/2025/Salesforce-Announces-Fourth-Quarter-and-Fiscal-Year-2025-Results,investor.salesforce.com,body,Agentforce|Data Cloud|Earnings|Partnership|Executive|Security|Compliance|Platform|AI,"cio,vp_sales_ops",en,6582,9703,2025-09-08T00:13:25.940471+00:00,09e1976cb05a723440aff442013f3fbcff433147df13dea12325c4585793c1e8
crm::press::2025-02-05::salesforce-appoints-robin-washington-as-president-and-chief-operating-and-financ::582c6316,Salesforce,press,Salesforce Appoints Robin Washington as President and Chief Operating and Financial Officer,2025-02-05,https://www.salesforce.com/news/press-releases/2025/02/05/salesforce-appoints-robin-washington-as-president-and-chief-operating-and-financial-officer/?bc=DB,https://www.salesforce.com/news/press-releases/2025/02/05/salesforce-appoints-robin-washington-as-president-and-chief-operating-and-financial-officer/?bc=DB,www.salesforce.com,body,Agentforce|Data Cloud|Partnership|Executive|Platform|AI,cio,en,798,1061,2025-09-08T00:13:26.274755+00:00,956ec24a3b3a299afee2a6a8b38e7e82c5bb1c14e50547ba96ce4fd7e3edf71a
crm::press::2025-02-05::salesforce-appoints-robin-washington-as-president-and-chief-operating-and-financ::a014cf0d,Salesforce,press,Salesforce Appoints Robin Washington as President and Chief Operating and Financial Officer,2025-02-05,https://www.salesforce.com/news/press-releases/2025/02/05/salesforce-appoints-robin-washington-as-president-and-chief-operating-and-financial-officer/?bc=OTH,https://www.salesforce.com/news/press-releases/2025/02/05/salesforce-appoints-robin-washington-as-president-and-chief-operating-and-financial-officer/?bc=OTH,www.salesforce.com,body,Agentforce|Data Cloud|Partnership|Executive|Platform|AI,cio,en,798,1061,2025-09-08T00:13:26.421180+00:00,956ec24a3b3a299afee2a6a8b38e7e82c5bb1c14e50547ba96ce4fd7e3edf71a
crm::press::2025-02-10::salesforce-announces-500m-investment-in-saudi-arabia-to-drive-ai-innovation-and-::0104255e,Salesforce,press,Salesforce Announces $500M Investment in Saudi Arabia to Drive AI Innovation and Growth,2025-02-10,https://www.salesforce.com/news/press-releases/2025/02/10/saudi-arabia-investment/?bc=OTH,https://www.salesforce.com/news/press-releases/2025/02/10/saudi-arabia-investment/?bc=OTH,www.salesforce.com,body,Agentforce|Data Cloud|Partnership|Industry Solutions|Platform|AI,"cio,vp_sales_ops",en,817,1048,2025-09-08T00:13:26.633092+00:00,664b9a2e88165985475fcf67c3e43f533e1f1004aaa668cbbd567aa9eadd1c42
crm::press::2025-02-10::salesforce-announces-500m-investment-in-saudi-arabia-to-drive-ai-innovation-and-::a3201e3f,Salesforce,press,Salesforce Announces $500M Investment in Saudi Arabia to Drive AI Innovation and Growth,2025-02-10,https://www.salesforce.com/news/press-releases/2025/02/10/saudi-arabia-investment/?bc=DB,https://www.salesforce.com/news/press-releases/2025/02/10/saudi-arabia-investment/?bc=DB,www.salesforce.com,body,Agentforce|Data Cloud|Partnership|Industry Solutions|Platform|AI,"cio,vp_sales_ops",en,817,1048,2025-09-08T00:13:26.893312+00:00,664b9a2e88165985475fcf67c3e43f533e1f1004aaa668cbbd567aa9eadd1c42
crm::press::2025-02-24::news-details::dbd232c6,Salesforce,press,"Salesforce.com, Inc. - Salesforce and Google Bring Gemini to Agentforce, Enable More Customer Choice in Major Partnership Expansion",2025-02-24,https://investor.salesforce.com/news/news-details/2025/Salesforce-and-Google-Bring-Gemini-to-Agentforce-Enable-More-Customer-Choice-in-Major-Partnership-Expansion,https://investor.salesforce.com/news/news-details/2025/Salesforce-and-Google-Bring-Gemini-to-Agentforce-Enable-More-Customer-Choice-in-Major-Partnership-Expansion,investor.salesforce.com,body,Agentforce|Data Cloud|Earnings|Partnership|Executive|Security|GenAI|Platform|AI,"cio,vp_customer_experience,vp_sales_ops",en,1890,2259,2025-09-08T00:13:27.141181+00:00,7e7d16d6f002c0b8e773a40688f3f92878ce3fc86a8190db99834cc1abfa261f
crm::press::2025-02-24::salesforce-and-google-bring-gemini-to-agentforce-enable-more-customer-choice-in-::9d966f4a,Salesforce,press,"Salesforce and Google Bring Gemini to Agentforce, Enable More Customer Choice in Major Partnership Expansion",2025-02-24,https://www.salesforce.com/news/press-releases/2025/02/24/google-partnership-expansion-gemini-agentforce/?bc=OTH,https://www.salesforce.com/news/press-releases/2025/02/24/google-partnership-expansion-gemini-agentforce/?bc=OTH,www.salesforce.com,body,Agentforce|Data Cloud|Partnership|Executive|Security|GenAI|Industry Solutions|Platform|AI,"cio,vp_customer_experience,vp_sales_ops",en,2095,2571,2025-09-08T00:13:27.519256+00:00,b0cd21ba71f8cd20d78f1489fa103c949402551ac1eda7489c5baa01f2cfa1da
crm::press::2025-02-24::salesforce-and-google-bring-gemini-to-agentforce-enable-more-customer-choice-in-::d17b9df1,Salesforce,press,"Salesforce and Google Bring Gemini to Agentforce, Enable More Customer Choice in Major Partnership Expansion",2025-02-24,https://www.salesforce.com/news/press-releases/2025/02/24/google-partnership-expansion-gemini-agentforce/?bc=DB,https://www.salesforce.com/news/press-releases/2025/02/24/google-partnership-expansion-gemini-agentforce/?bc=DB,www.salesforce.com,body,Agentforce|Data Cloud|Partnership|Executive|Security|GenAI|Industry Solutions|Platform|AI,"cio,vp_customer_experience,vp_sales_ops",en,2095,2571,2025-09-08T00:13:27.881677+00:00,b0cd21ba71f8cd20d78f1489fa103c949402551ac1eda7489c5baa01f2cfa1da
crm::press::2025-02-26::salesforce-announces-fourth-quarter-and-fiscal-year-2025-results::2fbf6534,Salesforce,press,Salesforce Announces Fourth Quarter and Fiscal Year 2025 Results,2025-02-26,https://www.salesforce.com/news/press-releases/2025/02/26/fy25-q4-earnings/?bc=OTH,https://www.salesforce.com/news/press-releases/2025/02/26/fy25-q4-earnings/?bc=OTH,www.salesforce.com,body,Agentforce|Data Cloud|Earnings|Partnership|Executive|Security|Platform|AI,"cio,vp_sales_ops",en,989,1360,2025-09-08T00:13:28.200086+00:00,6f6b4659c9ab6e2df258ba7463d8a3bb4e5570305777efac57008c716b273089
crm::press::2025-02-26::salesforce-announces-fourth-quarter-and-fiscal-year-2025-results::360ac7bd,Salesforce,press,Salesforce Announces Fourth Quarter and Fiscal Year 2025 Results,2025-02-26,https://www.salesforce.com/news/press-releases/2025/02/26/fy25-q4-earnings/?bc=DB,https://www.salesforce.com/news/press-releases/2025/02/26/fy25-q4-earnings/?bc=DB,www.salesforce.com,body,Agentforce|Data Cloud|Earnings|Partnership|Executive|Security|Platform|AI,"cio,vp_sales_ops",en,989,1360,2025-09-08T00:13:28.495486+00:00,6f6b4659c9ab6e2df258ba7463d8a3bb4e5570305777efac57008c716b273089
crm::press::2025-03-04::salesforce-launches-agentexchange-the-trusted-marketplace-for-agentforce::0b206de3,Salesforce,press,Salesforce Launches AgentExchange: the Trusted Marketplace for Agentforce,2025-03-04,https://www.salesforce.com/news/press-releases/2025/03/04/agentexchange-announcement/?bc=DB,https://www.salesforce.com/news/press-releases/2025/03/04/agentexchange-announcement/?bc=DB,www.salesforce.com,body,Agentforce|Data Cloud|Earnings|Partnership|Executive|Security|Compliance|GenAI|Industry Solutions|Platform|AI,"cio,vp_customer_experience,vp_sales_ops",en,1924,2552,2025-09-08T00:13:28.943316+00:00,70e1ee91184e6d61f6462a2fba65bfd9bc4a752ed38587a8d4c10acb3d0f5b8c
crm::press::2025-03-04::salesforce-launches-agentexchange-the-trusted-marketplace-for-agentforce::72c218b5,Salesforce,press,Salesforce Launches AgentExchange: the Trusted Marketplace for Agentforce,2025-03-04,https://www.salesforce.com/news/press-releases/2025/03/04/agentexchange-announcement/?bc=OTH,https://www.salesforce.com/news/press-releases/2025/03/04/agentexchange-announcement/?bc=OTH,www.salesforce.com,body,Agentforce|Data Cloud|Earnings|Partnership|Executive|Security|Compliance|GenAI|Industry Solutions|Platform|AI,"cio,vp_customer_experience,vp_sales_ops",en,1924,2552,2025-09-08T00:13:29.480751+00:00,70e1ee91184e6d61f6462a2fba65bfd9bc4a752ed38587a8d4c10acb3d0f5b8c
crm::press::2025-03-05::news-details::fc26a97d,Salesforce,press,"Salesforce.com, Inc. - Salesforce Launches Agentforce 2dx with New Capabilities to Embed Proactive Agentic AI into Any Workflow, Create Multimodal Experiences, and Extend Digital Labor Throughout the Enterprise",2025-03-05,https://investor.salesforce.com/news/news-details/2025/Salesforce-Launches-Agentforce-2dx-with-New-Capabilities-to-Embed-Proactive-Agentic-AI-into-Any-Workflow-Create-Multimodal-Experiences-and-Extend-Digital-Labor-Throughout-the-Enterprise,https://investor.salesforce.com/news/news-details/2025/Salesforce-Launches-Agentforce-2dx-with-New-Capabilities-to-Embed-Proactive-Agentic-AI-into-Any-Workflow-Create-Multimodal-Experiences-and-Extend-Digital-Labor-Throughout-the-Enterprise,investor.salesforce.com,body,Agentforce|Data Cloud|Earnings|Partnership|Executive|Security|GenAI|Industry Solutions|Platform|AI,"cio,vp_sales_ops",en,2788,3464,2025-09-08T00:13:29.805912+00:00,cbe1bd7b820eac4c4e773e9b9be9473c9c1822302f24a1f86a2a253229217f77
crm::press::2025-03-05::salesforce-launches-agentforce-2dx-new-capabilities-embed-proactive-agentic-ai-i::55567343,Salesforce,press,"Salesforce Launches Agentforce 2dx: New Capabilities Embed Proactive Agentic AI into Any Workflow, Create Multimodal Experiences, Extend Digital Labor",2025-03-05,https://www.salesforce.com/news/press-releases/2025/03/05/agentforce-2dx-news/?bc=DB,https://www.salesforce.com/news/press-releases/2025/03/05/agentforce-2dx-news/?bc=DB,www.salesforce.com,body,Agentforce|Data Cloud|Earnings|Partnership|Executive|Security|GenAI|Industry Solutions|Platform|AI,"cio,vp_sales_ops",en,3120,3938,2025-09-08T00:13:30.763736+00:00,42e8616648a1a7bc988f621488bfddb4e395f162b87adf17636aa2776c4ecd27
crm::press::2025-03-05::salesforce-launches-agentforce-2dx-new-capabilities-embed-proactive-agentic-ai-i::5aab8dce,Salesforce,press,"Salesforce Launches Agentforce 2dx: New Capabilities Embed Proactive Agentic AI into Any Workflow, Create Multimodal Experiences, Extend Digital Labor",2025-03-05,https://www.salesforce.com/news/press-releases/2025/03/05/agentforce-2dx-news/?bc=OTH,https://www.salesforce.com/news/press-releases/2025/03/05/agentforce-2dx-news/?bc=OTH,www.salesforce.com,body,Agentforce|Data Cloud|Earnings|Partnership|Executive|Security|GenAI|Industry Solutions|Platform|AI,"cio,vp_sales_ops",en,3120,3938,2025-09-08T00:13:31.340946+00:00,42e8616648a1a7bc988f621488bfddb4e395f162b87adf17636aa2776c4ecd27
crm::press::2025-03-11::salesforce-to-invest-usd-1b-in-singapore-over-5-years::8ca2c6e0,Salesforce,press,Salesforce to Invest USD $1B in Singapore over 5 Years,2025-03-11,https://www.salesforce.com/news/press-releases/2025/03/11/singapore-investment/?bc=DB,https://www.salesforce.com/news/press-releases/2025/03/11/singapore-investment/?bc=DB,www.salesforce.com,body,Agentforce|Data Cloud|Earnings|Partnership|Security|Compliance|GenAI|Industry Solutions|Platform|AI,"cio,vp_sales_ops",en,1419,1783,2025-09-08T00:13:31.606537+00:00,5e53adda44877379086f058a7c157f04063b175b54525746c6946e0f6794ee12
crm::press::2025-03-11::salesforce-to-invest-usd-1b-in-singapore-over-5-years::e42cc2ef,Salesforce,press,Salesforce to Invest USD $1B in Singapore over 5 Years,2025-03-11,https://www.salesforce.com/news/press-releases/2025/03/11/singapore-investment/?bc=OTH,https://www.salesforce.com/news/press-releases/2025/03/11/singapore-investment/?bc=OTH,www.salesforce.com,body,Agentforce|Data Cloud|Earnings|Partnership|Security|Compliance|GenAI|Industry Solutions|Platform|AI,"cio,vp_sales_ops",en,1419,1783,2025-09-08T00:13:32.683249+00:00,5e53adda44877379086f058a7c157f04063b175b54525746c6946e0f6794ee12
crm::press::2025-03-21::news-details::bd69b744,Salesforce,press,"Salesforce.com, Inc. - Salesforce Appoints Robin Washington as President and Chief Operating and Financial Officer",2025-03-21,https://investor.salesforce.com/news/news-details/2025/Salesforce-Appoints-Robin-Washington-as-President-and-Chief-Operating-and-Financial-Officer,https://investor.salesforce.com/news/news-details/2025/Salesforce-Appoints-Robin-Washington-as-President-and-Chief-Operating-and-Financial-Officer,investor.salesforce.com,body,Agentforce|Data Cloud|Earnings|Partnership|Executive|Security|Platform|AI,cio,en,715,918,2025-09-08T00:13:32.920124+00:00,b58a53dbe15b136f0c09ce99a6999db812546cb0220cb4f76fe45bcd004e65d4
crm::press::2025-05-08::salesforce-unveils-life-sciences-partner-network-to-accelerate-digital-labor-and::2b31368e,Salesforce,press,Salesforce Unveils Life Sciences Partner Network to Accelerate Digital Labor and Data Programs,2025-05-08,https://www.salesforce.com/news/press-releases/2025/05/08/partner-network-for-life-sciences-announcement/?bc=DB,https://www.salesforce.com/news/press-releases/2025/05/08/partner-network-for-life-sciences-announcement/?bc=DB,www.salesforce.com,body,Agentforce|Data Cloud|Partnership|Executive|Security|Compliance|Industry Solutions|Platform|AI,"cio,vp_sales_ops",en,1926,2519,2025-09-08T00:13:33.362487+00:00,de78a30795e9385f56d8afdf6fd10dd9d4f1a7115540fdc40cbdf19aaac89ebb
crm::press::2025-05-08::salesforce-unveils-life-sciences-partner-network-to-accelerate-digital-labor-and::7ee62409,Salesforce,press,Salesforce Unveils Life Sciences Partner Network to Accelerate Digital Labor and Data Programs,2025-05-08,https://www.salesforce.com/news/press-releases/2025/05/08/partner-network-for-life-sciences-announcement/?bc=OTH,https://www.salesforce.com/news/press-releases/2025/05/08/partner-network-for-life-sciences-announcement/?bc=OTH,www.salesforce.com,body,Agentforce|Data Cloud|Partnership|Executive|Security|Compliance|Industry Solutions|Platform|AI,"cio,vp_sales_ops",en,1926,2519,2025-09-08T00:13:33.714959+00:00,de78a30795e9385f56d8afdf6fd10dd9d4f1a7115540fdc40cbdf19aaac89ebb
crm::press::2025-05-15::salesforce-introduces-new-flexible-agentforce-pricing-to-accelerate-the-digital-::e5db6975,Salesforce,press,Salesforce Introduces New Flexible Agentforce Pricing to Accelerate the Digital Labor Revolution,2025-05-15,https://www.salesforce.com/news/press-releases/2025/05/15/agentforce-flexible-pricing-news/?bc=OTH,https://www.salesforce.com/news/press-releases/2025/05/15/agentforce-flexible-pricing-news/?bc=OTH,www.salesforce.com,body,Agentforce|Data Cloud|Earnings|Partnership|Compliance|Industry Solutions|Platform|AI,cio,en,1710,2142,2025-09-08T00:13:34.138928+00:00,ca70705accf3b2588c69357bebd5e924f792393183cf1728a3957023d66aff4c
crm::press::2025-05-15::salesforce-introduces-new-flexible-agentforce-pricing-to-accelerate-the-digital-::eb594704,Salesforce,press,Salesforce Introduces New Flexible Agentforce Pricing to Accelerate the Digital Labor Revolution,2025-05-15,https://www.salesforce.com/news/press-releases/2025/05/15/agentforce-flexible-pricing-news/?bc=DB,https://www.salesforce.com/news/press-releases/2025/05/15/agentforce-flexible-pricing-news/?bc=DB,www.salesforce.com,body,Agentforce|Data Cloud|Earnings|Partnership|Compliance|Industry Solutions|Platform|AI,cio,en,1710,2142,2025-09-08T00:13:34.389174+00:00,ca70705accf3b2588c69357bebd5e924f792393183cf1728a3957023d66aff4c
crm::press::2025-05-27::news-details::56b542ba,Salesforce,press,"Salesforce.com, Inc. - Salesforce Signs Definitive Agreement to Acquire Informatica",2025-05-27,https://investor.salesforce.com/news/news-details/2025/Salesforce-Signs-Definitive-Agreement-to-Acquire-Informatica,https://investor.salesforce.com/news/news-details/2025/Salesforce-Signs-Definitive-Agreement-to-Acquire-Informatica,investor.salesforce.com,body,Agentforce|Data Cloud|Earnings|Partnership|Executive|Security|Compliance|Industry Solutions|Platform|AI,"cio,vp_sales_ops",en,2656,3362,2025-09-08T00:13:34.567654+00:00,895da206458845406176d43fbb716c6c90bcacd3d77f28bd7e713d49b8c11c3b
crm::press::2025-05-27::salesforce-signs-definitive-agreement-to-acquire-informatica::a8a077f6,Salesforce,press,Salesforce Signs Definitive Agreement to Acquire Informatica,2025-05-27,https://www.salesforce.com/news/press-releases/2025/05/27/salesforce-signs-definitive-agreement-to-acquire-informatica/?bc=OTH,https://www.salesforce.com/news/press-releases/2025/05/27/salesforce-signs-definitive-agreement-to-acquire-informatica/?bc=OTH,www.salesforce.com,body,Agentforce|Data Cloud|Earnings|Partnership|Executive|Security|Compliance|Industry Solutions|Platform|AI,"cio,vp_sales_ops",en,2796,3587,2025-09-08T00:13:34.849267+00:00,90982c34b4c8fed747a5cbf772ee32fa4b7983c24c51f8b49172d9f5479b7936
crm::press::2025-05-27::salesforce-signs-definitive-agreement-to-acquire-informatica::d581dd97,Salesforce,press,Salesforce Signs Definitive Agreement to Acquire Informatica,2025-05-27,https://www.salesforce.com/news/press-releases/2025/05/27/salesforce-signs-definitive-agreement-to-acquire-informatica/?bc=DB,https://www.salesforce.com/news/press-releases/2025/05/27/salesforce-signs-definitive-agreement-to-acquire-informatica/?bc=DB,www.salesforce.com,body,Agentforce|Data Cloud|Earnings|Partnership|Executive|Security|Compliance|Industry Solutions|Platform|AI,"cio,vp_sales_ops",en,2796,3587,2025-09-08T00:13:35.300633+00:00,90982c34b4c8fed747a5cbf772ee32fa4b7983c24c51f8b49172d9f5479b7936
crm::press::2025-05-28::news-details::e526586e,Salesforce,press,"Salesforce.com, Inc. - Salesforce Reports Record First Quarter Fiscal 2026 Results",2025-04-30,https://investor.salesforce.com/news/news-details/2025/Salesforce-Reports-Record-First-Quarter-Fiscal-2026-Results,https://investor.salesforce.com/news/news-details/2025/Salesforce-Reports-Record-First-Quarter-Fiscal-2026-Results,investor.salesforce.com,body,Agentforce|Data Cloud|Earnings|Partnership|Executive|Security|Compliance|GenAI|Platform|AI,"cio,vp_sales_ops",en,6201,8625,2025-09-08T00:13:36.244883+00:00,2a7d727d113b373a53ddd2303edbceab97a2d43b8122de96080012dd731e6e3a
crm::press::2025-05-28::salesforce-partners-with-ferrari-to-elevate-the-client-039-s-journey-worldwide::0dc28eff,Salesforce,press,Salesforce Partners with Ferrari to Elevate the Client&#039;s Journey Worldwide,2025-05-28,https://www.salesforce.com/news/press-releases/2025/05/28/ferrari-agentforce-crm-elevates-client-experience/?bc=DB,https://www.salesforce.com/news/press-releases/2025/05/28/ferrari-agentforce-crm-elevates-client-experience/?bc=DB,www.salesforce.com,body,Agentforce|Data Cloud|Earnings|Partnership|Industry Solutions|Platform|AI,cio,en,848,1107,2025-09-08T00:13:36.607804+00:00,3dba984a2f010801be9e210ff701040d02fdd785b61a35fbd3fa972ebc0a6aeb
crm::press::2025-05-28::salesforce-partners-with-ferrari-to-elevate-the-client-039-s-journey-worldwide::a82e32cb,Salesforce,press,Salesforce Partners with Ferrari to Elevate the Client&#039;s Journey Worldwide,2025-05-28,https://www.salesforce.com/news/press-releases/2025/05/28/ferrari-agentforce-crm-elevates-client-experience/?bc=OTH,https://www.salesforce.com/news/press-releases/2025/05/28/ferrari-agentforce-crm-elevates-client-experience/?bc=OTH,www.salesforce.com,body,Agentforce|Data Cloud|Earnings|Partnership|Industry Solutions|Platform|AI,cio,en,848,1107,2025-09-08T00:13:36.844548+00:00,3dba984a2f010801be9e210ff701040d02fdd785b61a35fbd3fa972ebc0a6aeb
crm::press::2025-05-28::salesforce-reports-record-first-quarter-fiscal-2026-results-exceeds-guidance-acr::589e1fcc,Salesforce,press,Salesforce Reports Record First Quarter Fiscal 2026 Results Exceeds Guidance Across All Metrics; cRPO up 12% Y/Y,2025-05-28,https://www.salesforce.com/news/press-releases/2025/05/28/fy26-q1-earnings/?bc=DB,https://www.salesforce.com/news/press-releases/2025/05/28/fy26-q1-earnings/?bc=DB,www.salesforce.com,body,Agentforce|Data Cloud|Earnings|Partnership|Executive|Security|Platform|AI,"cio,vp_sales_ops",en,1123,1524,2025-09-08T00:13:37.106507+00:00,d34fb275e4a45078fc0cb75eb80142b8d40ad1ab959860597b6c525bdebd23f7
crm::press::2025-05-28::salesforce-reports-record-first-quarter-fiscal-2026-results-exceeds-guidance-acr::da0fa31e,Salesforce,press,Salesforce Reports Record First Quarter Fiscal 2026 Results Exceeds Guidance Across All Metrics; cRPO up 12% Y/Y,2025-05-28,https://www.salesforce.com/news/press-releases/2025/05/28/fy26-q1-earnings/?bc=OTH,https://www.salesforce.com/news/press-releases/2025/05/28/fy26-q1-earnings/?bc=OTH,www.salesforce.com,body,Agentforce|Data Cloud|Earnings|Partnership|Executive|Security|Platform|AI,"cio,vp_sales_ops",en,1123,1524,2025-09-08T00:13:37.382534+00:00,d34fb275e4a45078fc0cb75eb80142b8d40ad1ab959860597b6c525bdebd23f7
crm::press::2025-06-03::salesforce-and-liv-golf-announce-strategic-partnership-to-power-new-era-of-fan-a::5cc46f5c,Salesforce,press,Salesforce and LIV Golf Announce Strategic Partnership to Power New Era of Fan and Player Experiences with Agentforce,2025-06-03,https://www.salesforce.com/news/press-releases/2025/06/03/liv-golf-agentforce-experiences/?bc=OTH,https://www.salesforce.com/news/press-releases/2025/06/03/liv-golf-agentforce-experiences/?bc=OTH,www.salesforce.com,body,Agentforce|Data Cloud|Earnings|Partnership|Platform|AI,"cio,vp_sales_ops",en,1075,1386,2025-09-08T00:13:37.778319+00:00,fe35cd0e993551c7f8b65e899eb94e5639e5bc32a040fc6bd6faff7245bf7824
crm::press::2025-06-03::salesforce-and-liv-golf-announce-strategic-partnership-to-power-new-era-of-fan-a::e8628619,Salesforce,press,Salesforce and LIV Golf Announce Strategic Partnership to Power New Era of Fan and Player Experiences with Agentforce,2025-06-03,https://www.salesforce.com/news/press-releases/2025/06/03/liv-golf-agentforce-experiences/?bc=DB,https://www.salesforce.com/news/press-releases/2025/06/03/liv-golf-agentforce-experiences/?bc=DB,www.salesforce.com,body,Agentforce|Data Cloud|Earnings|Partnership|Platform|AI,"cio,vp_sales_ops",en,1075,1386,2025-09-08T00:13:38.070580+00:00,fe35cd0e993551c7f8b65e899eb94e5639e5bc32a040fc6bd6faff7245bf7824
crm::press::2025-06-16::salesforce-summer-039-25-release-new-agentforce-capabilities-and-product-enhance::0c4cc1db,Salesforce,press,Salesforce Summer &#039;25 Release: New Agentforce Capabilities and Product Enhancements to Create Richer Customer Experiences,2025-06-16,https://www.salesforce.com/news/stories/summer-2025-product-release-announcement/,https://www.salesforce.com/news/stories/summer-2025-product-release-announcement/?bc=DB,www.salesforce.com,body,Agentforce|Data Cloud|Earnings|Partnership|Security|Compliance|GenAI|Industry Solutions|Platform|AI,"cio,vp_sales_ops",en,959,1202,2025-09-08T00:13:38.289703+00:00,bbd89385a9a6d7e707f27c3b9a2dbebb3ba3a947a6c1b3361daa37755a74dcd5
crm::press::2025-06-23::news-details::1ee81dec,Salesforce,press,"Salesforce.com, Inc. - Salesforce Launches Agentforce 3 to Solve the Biggest Blockers to Scaling AI Agents: Visibility and Control",2025-06-23,https://investor.salesforce.com/news/news-details/2025/Salesforce-Launches-Agentforce-3-to-Solve-the-Biggest-Blockers-to-Scaling-AI-Agents-Visibility-and-Control,https://investor.salesforce.com/news/news-details/2025/Salesforce-Launches-Agentforce-3-to-Solve-the-Biggest-Blockers-to-Scaling-AI-Agents-Visibility-and-Control,investor.salesforce.com,body,Agentforce|Data Cloud|Earnings|Partnership|Executive|Security|Compliance|GenAI|Industry Solutions|Platform|AI,"cio,vp_customer_experience,vp_sales_ops",en,2712,3479,2025-09-08T00:13:38.520763+00:00,fa08935d2f2f78d93854e850f0b62549f8c4cfbfd079ceb4239afd27d0fa98af
crm::press::2025-06-23::salesforce-launches-agentforce-3-to-solve-the-biggest-blockers-to-scaling-ai-age::03415d24,Salesforce,press,Salesforce Launches Agentforce 3 to Solve the Biggest Blockers to Scaling AI Agents: Visibility and Control,2025-06-23,https://www.salesforce.com/news/press-releases/2025/06/23/agentforce-3-announcement/?bc=OTH,https://www.salesforce.com/news/press-releases/2025/06/23/agentforce-3-announcement/?bc=OTH,www.salesforce.com,body,Agentforce|Data Cloud|Earnings|Partnership|Executive|Security|Compliance|GenAI|Industry Solutions|Platform|AI,"cio,vp_customer_experience,vp_sales_ops",en,2948,3817,2025-09-08T00:13:38.827950+00:00,ef277c3dcd3ea63bfbd478e3a735fa9921fa4d0e692c370fa13690bb22c97468
crm::press::2025-06-23::salesforce-launches-agentforce-3-to-solve-the-biggest-blockers-to-scaling-ai-age::9aa8f4e2,Salesforce,press,Salesforce Launches Agentforce 3 to Solve the Biggest Blockers to Scaling AI Agents: Visibility and Control,2025-06-23,https://www.salesforce.com/news/press-releases/2025/06/23/agentforce-3-announcement/?bc=DB,https://www.salesforce.com/news/press-releases/2025/06/23/agentforce-3-announcement/?bc=DB,www.salesforce.com,body,Agentforce|Data Cloud|Earnings|Partnership|Executive|Security|Compliance|GenAI|Industry Solutions|Platform|AI,"cio,vp_customer_experience,vp_sales_ops",en,2948,3817,2025-09-08T00:13:39.123975+00:00,ef277c3dcd3ea63bfbd478e3a735fa9921fa4d0e692c370fa13690bb22c97468
crm::press::2025-06-23::salesforce-launches-agentforce-3-to-solve-the-biggest-blockers-to-scaling-ai-age::b1bdb2c2,Salesforce,press,Salesforce Launches Agentforce 3 to Solve the Biggest Blockers to Scaling AI Agents: Visibility and Control,2025-06-23,https://www.salesforce.com/news/press-releases/2025/06/23/agentforce-3-announcement/,https://www.salesforce.com/news/press-releases/2025/06/23/agentforce-3-announcement/?bc=DB,www.salesforce.com,body,Agentforce|Data Cloud|Earnings|Partnership|Executive|Security|Compliance|GenAI|Industry Solutions|Platform|AI,"cio,vp_customer_experience,vp_sales_ops",en,2948,3817,2025-09-08T00:13:39.459591+00:00,ef277c3dcd3ea63bfbd478e3a735fa9921fa4d0e692c370fa13690bb22c97468
crm::press::2025-07-09::salesforce-appoints-amy-chang-and-david-b-kirk-to-its-board-of-directors::62a8e699,Salesforce,press,Salesforce Appoints Amy Chang and David B. Kirk to its Board of Directors,2025-07-09,https://www.salesforce.com/news/press-releases/2025/07/09/salesforce-appoints-amy-chang-and-david-b-kirk-to-its-board-of-directors/?bc=OTH,https://www.salesforce.com/news/press-releases/2025/07/09/salesforce-appoints-amy-chang-and-david-b-kirk-to-its-board-of-directors/?bc=OTH,www.salesforce.com,body,Agentforce|Data Cloud|Partnership|Executive|Security|Platform|AI,"cio,vp_customer_experience",en,867,1125,2025-09-08T00:13:39.702147+00:00,1e4414c989604b3ffad3e5338c611e2f3dc3b055bddee3aaa333c9af47828b5c
crm::press::2025-07-09::salesforce-appoints-amy-chang-and-david-b-kirk-to-its-board-of-directors::cee511f3,Salesforce,press,Salesforce Appoints Amy Chang and David B. Kirk to its Board of Directors,2025-07-09,https://www.salesforce.com/news/press-releases/2025/07/09/salesforce-appoints-amy-chang-and-david-b-kirk-to-its-board-of-directors/?bc=DB,https://www.salesforce.com/news/press-releases/2025/07/09/salesforce-appoints-amy-chang-and-david-b-kirk-to-its-board-of-directors/?bc=DB,www.salesforce.com,body,Agentforce|Data Cloud|Partnership|Executive|Security|Platform|AI,"cio,vp_customer_experience",en,867,1125,2025-09-08T00:13:39.921591+00:00,1e4414c989604b3ffad3e5338c611e2f3dc3b055bddee3aaa333c9af47828b5c
crm::press::2025-08-19::new-ways-to-pay-make-it-easier-than-ever-to-get-started-with-agentforce::d1363ec8,Salesforce,press,New Ways to Pay Make It Easier than Ever to Get Started with Agentforce,2025-08-19,https://www.salesforce.com/news/stories/new-agentforce-payment-options/?bc=DB,https://www.salesforce.com/news/stories/new-agentforce-payment-options/?bc=DB,www.salesforce.com,body,Agentforce|Data Cloud|Partnership|Industry Solutions|AI,cio,en,719,865,2025-09-08T00:13:40.023297+00:00,42bd766bf2b03cc47e82a2223c786cf60dacfa194cdee240317b359740791cc0
crm::press::2025-08-19::salesforce-launches-agentforce-for-public-sector-to-take-on-time-consuming-gover::52d88fcc,Salesforce,press,"Salesforce Launches Agentforce for Public Sector to Take on Time-Consuming Government Work, from Compliance to Constituent Support",2025-08-19,https://www.salesforce.com/news/stories/agentforce-for-public-sector-announcement/?bc=DB,https://www.salesforce.com/news/stories/agentforce-for-public-sector-announcement/?bc=DB,www.salesforce.com,body,Agentforce|Data Cloud|Earnings|Partnership|Security|Compliance|GenAI|Platform|AI,"cio,vp_sales_ops",en,1894,2343,2025-09-08T00:13:40.268922+00:00,5ef24637a1fa41bb13866b2632fa4a1ad6b6f71521529fc1a22b207b31a04f49
crm::press::2025-08-20::from-research-to-runtime-delivering-enterprise-ai-with-confidence::82cd1c96,Salesforce,press,From Research to Runtime: Delivering Enterprise AI with Confidence,2025-08-20,https://www.salesforce.com/in/news/stories/agentic-ai-enterprise-research/?bc=DB,https://www.salesforce.com/in/news/stories/agentic-ai-enterprise-research/?bc=DB,www.salesforce.com,body,Agentforce|Earnings|Partnership|Security|Compliance|GenAI|Platform|AI,"cio,vp_sales_ops",en,1458,1895,2025-09-08T00:13:40.477179+00:00,4434529b1e1a3d18a4d33693edc19db64b51e2e56211f13a21881907301e169d
crm::press::2025-08-21::how-agentic-ai-can-help-overcome-the-child-welfare-information-crisis::4c43853a,Salesforce,press,How Agentic AI Can Help Overcome the Child Welfare Information Crisis,2025-08-21,https://www.salesforce.com/news/stories/agentic-ai-revolutionizes-child-welfare/?bc=DB,https://www.salesforce.com/news/stories/agentic-ai-revolutionizes-child-welfare/?bc=DB,www.salesforce.com,body,Agentforce|Data Cloud|Earnings|Partnership|Compliance|Industry Solutions|Platform|AI,"cio,vp_sales_ops",en,2225,2753,2025-09-08T00:13:40.663662+00:00,e29b07c9ad81753825688ca6b860f3133215d4afc4f9c5040637d48f57691f25
crm::press::2025-08-21::manufacturers-gain-new-ai-workforce-salesforce-s-agentforce-for-manufacturing-op::9ce1b982,Salesforce,press,"Manufacturers Gain New AI Workforce: Salesforce’s Agentforce for Manufacturing Optimizes Production, Boosts Sales, and Cuts Downtime",2025-08-21,https://www.salesforce.com/news/stories/agentforce-for-manufacturing-announcement/?bc=DB,https://www.salesforce.com/news/stories/agentforce-for-manufacturing-announcement/?bc=DB,www.salesforce.com,body,Agentforce|Data Cloud|Earnings|Partnership|Security|Compliance|Industry Solutions|AI,"cio,vp_sales_ops",en,1699,2116,2025-09-08T00:13:40.664563+00:00,2499f5d99205d8b378a74649404bd7b93013f7268cfd1a98cf971c4245545125
crm::press::2025-08-26::in-the-agentic-era-human-imagination-must-shape-the-jobs-of-tomorrow::ffd5c276,Salesforce,press,"In the Agentic Era, Human Imagination Must Shape the Jobs of Tomorrow",2025-08-26,https://www.salesforce.com/news/stories/imagination-shapes-future-work-agentic-ai/?bc=DB,https://www.salesforce.com/news/stories/imagination-shapes-future-work-agentic-ai/?bc=DB,www.salesforce.com,body,Agentforce|Earnings|Partnership|Executive|Platform|AI,"cio,vp_sales_ops",en,3121,3866,2025-09-08T00:13:40.860225+00:00,424fa2cc29b521b7ad135b4112d581eb56f8a5ba5f7f8dbddc845f7af0518951
crm::press::2025-08-26::salesforce-life-sciences-cloud-now-selected-by-more-than-70-industry-leading-cus::ca509334,Salesforce,press,Salesforce Life Sciences Cloud Now Selected by More than 70 Industry-Leading Customers to Scale Engagement and Improve Patient Outcomes,2025-08-26,https://www.salesforce.com/news/stories/industry-leaders-choose-life-sciences-cloud/?bc=DB,https://www.salesforce.com/news/stories/industry-leaders-choose-life-sciences-cloud/?bc=DB,www.salesforce.com,body,Agentforce|Data Cloud|Partnership|Executive|Security|Compliance|GenAI|Industry Solutions|Platform|AI,"cio,vp_customer_experience",en,1942,2460,2025-09-08T00:13:40.917714+00:00,13c5009ec191ae2fe40a10452141b200c83cf9f8805cfd98de976277167666d3
crm::press::2025-08-27::salesforce-ai-research-advances-the-agentic-enterprise-by-simulating-enterprise-::c5c7863d,Salesforce,press,"Salesforce AI Research Advances the Agentic Enterprise by Simulating Enterprise Environments, Measuring Agent Readiness, and Consolidating Duplicative Data",2025-08-27,https://www.salesforce.com/news/stories/ai-research-advances-enterprise-agentic-readiness/?bc=DB,https://www.salesforce.com/news/stories/ai-research-advances-enterprise-agentic-readiness/?bc=DB,www.salesforce.com,body,Data Cloud|Earnings|Partnership|GenAI|Platform|AI,"cio,vp_sales_ops",en,1450,1770,2025-09-08T00:13:41.031127+00:00,a43fd40064869f2ceb070cf941a3d7d0071be16322f400c59e6fe5e6f4ebb11c
crm::press::2025-08-28::speaking-ai-why-fluency-is-the-next-essential-skill-for-workers::84dcf885,Salesforce,press,Speaking AI: Why Fluency is the Next Essential Skill for Workers,2025-08-28,https://www.salesforce.com/news/stories/ai-fluency-for-agent-human-collaboration/?bc=DB,https://www.salesforce.com/news/stories/ai-fluency-for-agent-human-collaboration/?bc=DB,www.salesforce.com,body,Agentforce|Earnings|Partnership|Security|GenAI|Industry Solutions|Platform|AI,cio,en,1048,1315,2025-09-08T00:13:41.280934+00:00,b7402835dadabb5a24f2fdf04b8b16a054c6008147e851eec6409afb942fd7af
crm::press::2025-09-02::salesforce-quarterly-highlights-fy26-q2-product-releases-and-corporate-announcem::ea02411d,Salesforce,press,Salesforce Quarterly Highlights: FY26 Q2 Product Releases and Corporate Announcements,2025-09-02,https://www.salesforce.com/news/stories/fy26-q2-highlights/?bc=DB,https://www.salesforce.com/news/stories/fy26-q2-highlights/?bc=DB,www.salesforce.com,body,Agentforce|Data Cloud|Earnings|Partnership|Security|Compliance|GenAI|Platform|AI,"cio,vp_sales_ops",en,1872,2367,2025-09-08T00:13:41.333723+00:00,7765261789aa11067ce03890b725e0a9b3aeca4388885f5656946ad39836969a
crm::press::2025-09-03::news-details::2014af2d,Salesforce,press,"Salesforce.com, Inc. - Salesforce Reports Record Second Quarter Fiscal 2026 Results",2025-07-31,https://investor.salesforce.com/news/news-details/2025/Salesforce-Reports-Record-Second-Quarter-Fiscal-2026-Results,https://investor.salesforce.com/news/news-details/2025/Salesforce-Reports-Record-Second-Quarter-Fiscal-2026-Results,investor.salesforce.com,body,Agentforce|Data Cloud|Earnings|Partnership|Executive|Security|Compliance|GenAI|Platform|AI,"cio,vp_sales_ops",en,6739,9856,2025-09-08T00:13:42.252028+00:00,ae252048ad01269f6e94c39d19e3735964eb0972673db25575867019631070bf
crm::press::2025-09-03::salesforce-reports-record-second-quarter-fiscal-2026-results::43678369,Salesforce,press,Salesforce Reports Record Second Quarter Fiscal 2026 Results,2025-09-03,https://www.salesforce.com/news/press-releases/2025/09/03/fy26-q2-earnings/?bc=DB,https://www.salesforce.com/news/press-releases/2025/09/03/fy26-q2-earnings/?bc=DB,www.salesforce.com,body,Agentforce|Data Cloud|Earnings|Partnership|Executive|Security|Platform|AI,"cio,vp_sales_ops",en,1026,1406,2025-09-08T00:13:41.807277+00:00,2bb0b4a899ea37fbb8ab66aa444cc428635de719a7e1aaaded17b2b4ef3dec90
crm::press::2025-09-03::salesforce-reports-record-second-quarter-fiscal-2026-results::d558c08c,Salesforce,press,Salesforce Reports Record Second Quarter Fiscal 2026 Results,2025-09-03,https://www.salesforce.com/news/press-releases/2025/09/03/fy26-q2-earnings/?bc=OTH,https://www.salesforce.com/news/press-releases/2025/09/03/fy26-q2-earnings/?bc=OTH,www.salesforce.com,body,Agentforce|Data Cloud|Earnings|Partnership|Executive|Security|Platform|AI,"cio,vp_sales_ops",en,1026,1406,2025-09-08T00:13:42.207235+00:00,2bb0b4a899ea37fbb8ab66aa444cc428635de719a7e1aaaded17b2b4ef3dec90
crm::press::2025-09-05::why-agentic-ai-requires-a-smarter-cloud-infrastructure::9780ec57,Salesforce,press,Why Agentic AI Requires a Smarter Cloud Infrastructure,2025-09-05,https://www.salesforce.com/news/stories/scaling-cloud-infrastructure-for-agentic-enterprise/?bc=DB,https://www.salesforce.com/news/stories/scaling-cloud-infrastructure-for-agentic-enterprise/?bc=DB,www.salesforce.com,body,Agentforce|Data Cloud|Earnings|Partnership|Security|Industry Solutions|Platform|AI,"cio,vp_sales_ops",en,1119,1440,2025-09-08T00:13:42.513604+00:00,c107e0f5dafcedfbc8b87a49dc1a11a20c8d49909650b389f92953399e422d08
crm::product::unknown::agentforce-the-ai-agent-platform::c8dd3707,Salesforce,product,Agentforce: The AI Agent Platform,2025-09-07,https://www.salesforce.com/agentforce/?bc=DB,https://www.salesforce.com/agentforce/?bc=DB,www.salesforce.com,body,Agentforce|Data Cloud|Earnings|Partnership|Security|Compliance|GenAI|Industry Solutions|Platform|AI,"cio,vp_customer_experience,vp_sales_ops",en,1881,2421,2025-09-08T00:13:42.947473+00:00,dc5641bcc56d6bedc12000342191fb5471ca8741676bb8636eabed4e2390abeb
crm::product::unknown::salesforce-data-cloud::ceadcc95,Salesforce,product,Salesforce Data Cloud,2025-09-07,https://www.salesforce.com/data/?bc=DB,https://www.salesforce.com/data/?bc=DB,www.salesforce.com,body,Agentforce|Data Cloud|Partnership|Security|Platform|AI,"cio,vp_sales_ops",en,1001,1222,2025-09-08T00:13:42.947983+00:00,a4e574190e3cdba77555168ff12cc6eee47e2812e6a659734cfc096a8da08b49
crm::product::unknown::what-is-salesforce::9818feb8,Salesforce,product,What is Salesforce?,2025-09-07,https://www.salesforce.com/products/what-is-salesforce/?bc=DB,https://www.salesforce.com/products/what-is-salesforce/?bc=DB,www.salesforce.com,body,Agentforce|Earnings|Partnership|GenAI|Platform|AI,"cio,vp_customer_experience,vp_sales_ops",en,981,1238,2025-09-08T00:13:43.502868+00:00,ffe0a34a657181eb1a77e4088de99133981e4838a5dae24b501473449f0eacbf
crm::wiki::unknown::salesforce-wikipedia::6b727edd,Salesforce,wiki,Salesforce - Wikipedia,2025-09-06,https://en.wikipedia.org/wiki/Salesforce,https://en.wikipedia.org/wiki/Salesforce,en.wikipedia.org,body,Agentforce|Earnings|Partnership|Executive|Security|Compliance|GenAI|Industry Solutions|Platform|AI,"cio,vp_customer_experience,vp_sales_ops",en,7605,13384,2025-09-08T00:13:43.696103+00:00,5a684f76cebb548fe38752ca4e11af81136a48b341baf57a6f56b1da07f38ab7
